t,0.05,0.1,0.15,0.2,0.25,0.3,0.35,0.4,0.45,0.5,0.55,0.6,0.65,0.7,0.75,0.8,0.85,0.9,0.95
2018-01-08 07:00:00,0.0,0.0,0.0,0.0,0.2386770937504572,3.8076255814001954,5.650152045979997,0.0,0.0,0.0,0.0,0.0,0.0,0.0,2.306694848312638,19.407866410751573,35.77576582547065,45.62312785768637,79.6978318509063
2018-01-08 08:00:00,0.0,0.0,0.0,28.932104927320253,38.00435281504394,43.12099697479147,53.40845122198699,66.30013048261321,60.30430477157491,67.79954693547933,75.44257392524182,85.0611024392808,91.78136185588092,101.96162912416086,92.04645552072719,95.43581699363332,103.0203489177365,131.37296983391698,133.3420865814212
2018-01-08 09:00:00,155.3814632158019,177.4082830783367,175.6936598912725,185.538176304587,190.01507150700493,194.09952868405253,199.7185363479589,196.55931616143474,199.12778765984245,194.67214702720597,200.2050885842693,204.7864421330632,210.97778970181434,213.03490297775164,215.52097490488472,213.4677634997326,207.17959895041304,207.75252408144252,197.86055346325324
2018-01-08 10:00:00,284.16322908059175,292.50697733622127,296.7516091103551,301.33436779470946,304.70443678545433,320.7453789442452,323.0325333882652,320.92156440028515,323.5069619640924,330.0684414357388,324.8870297830112,327.69650333153163,334.4223394055154,336.2847986128569,339.18566636168435,336.2841821462002,335.9969236863802,342.7301327256305,366.42829546058675
2018-01-08 11:00:00,313.50947056349156,319.73217660663306,353.17654780049514,342.8610298523038,340.5947674762777,359.01200525821184,351.7270127407433,347.277967513226,345.32177276093535,347.88485906298257,345.8328935989184,347.86374053502607,345.1180000115902,342.40042576553293,345.35578430042085,364.8051893010541,368.49752818388544,380.2064261813981,404.9623862699411
2018-01-08 12:00:00,408.2909755893381,410.97433447275614,413.353282726167,414.31567878649685,422.4983161640643,441.83579898593666,441.9500125854697,438.6392288223369,438.978847414099,468.17549135461616,461.7606938633461,468.4689711365228,473.6990307785072,468.0947739347685,473.04470342279376,511.6284178704319,528.0573153015112,566.3983928413495,563.3038022080498
2018-01-08 13:00:00,328.9920388752223,352.65531011022193,319.4070862737291,315.00071176196707,339.20220062913546,387.06683584835935,412.6887380809298,424.53701726648706,458.00932466316556,466.7799871820897,492.8614112218136,494.62506435222735,490.1410938751226,476.593325748359,478.30908083044136,451.8183563693029,465.89456946051484,481.8679729560523,493.8484470401004
2018-01-08 14:00:00,228.34745040925344,270.8141213487634,277.33927971559035,279.4789707176125,281.0019843325401,279.7831837345789,283.59786527610896,285.42050038818024,287.07774611869365,296.40170877994893,306.848116467791,308.34305382510547,311.4062195087297,321.1759057183331,328.16460429752146,346.30171757981543,351.4688989006169,366.68138427818906,350.84180221283845
2018-01-08 15:00:00,181.6111562223983,175.03973775531944,197.23687418749824,209.66945987392265,220.06151444290316,191.8619286425378,232.9019947307564,237.0802757324751,239.6015384384565,260.87253365242225,278.9146744241464,282.72745916284725,301.94866087003976,300.6818185168256,306.0706784937994,299.00027574736174,300.354224161488,303.37862502313146,363.93219065330817
2018-01-08 16:00:00,199.61873685694903,204.37784803252725,210.82622577735066,210.9743834855107,215.14806502250283,215.14708933909753,218.4406608549275,217.4223386476234,222.67271645557526,223.673498586479,226.65477846195634,225.55054139985236,222.14512140683172,224.59076312342285,227.10772626371374,225.6854468470488,228.64803946949507,251.60076359352814,283.15982030500777
2018-01-08 17:00:00,161.70391422727553,158.07028778352034,167.02586834522023,165.96187267244574,178.59455638942964,172.78222327341092,174.32881309865218,177.64795785363708,179.21542134447125,178.6357405362623,182.72157279374602,182.69542032151418,179.6247711921916,178.74041642686296,181.65339470438207,186.03298920023957,199.33738810675302,203.41712169170393,228.14636130578674
2018-01-08 18:00:00,25.470623836303147,30.660491574133403,44.20812364655258,55.91719767563541,49.2713360917534,52.40095600615177,52.514180800521856,49.996488781079336,54.42080038313166,64.1161925091256,76.02587465699148,88.98611645390025,99.29867815481268,111.82847764082288,119.9961723797481,123.57204327276503,131.75334459820579,116.62030653490925,105.77980266910095
2018-01-08 19:00:00,37.69244152402851,44.144161309184504,47.4919199201167,52.19918484628776,50.247063186794286,50.297062927134604,53.43235006786024,53.591368032943606,56.59630258807935,59.63665918739835,60.037908676373014,60.2292149286613,64.04394059169068,65.92403443360824,65.27375061931784,61.68879895223302,62.74835300969255,64.82442498393127,67.98805417439584
2018-01-08 20:00:00,0.0,0.0,0.0,0.0,0.0,0.0,0.0,0.0,0.0,0.0,0.0,0.0,0.0,2.4516322317848562,5.659473354665366,12.378728830806878,11.201260671481613,23.881637305441178,18.119607534140016
2018-01-08 21:00:00,31.441919738998067,25.03283650772054,28.198679819236887,32.73069270181296,34.680724070791605,38.09288614439359,34.15522562434437,31.633240456870325,30.686215868023716,35.71386643354488,34.09609883618673,34.02133650306507,35.53777215813239,35.20753734540391,35.238780473805804,36.73509034849471,41.29298699043633,51.10983720524733,49.82453422105723
2018-01-08 22:00:00,0.0,0.0,0.0,0.0,0.0,0.0,0.0,0.048188471209087425,5.154733573208809,6.99571723367545,7.455471482055774,6.277065470329067,5.4471318219176155,5.217839437311026,4.189150330073982,4.328125264567538,8.464564804380853,15.256724123255289,10.859169380648733
2018-01-08 23:00:00,0.0,0.0,0.0,0.0,0.0,0.0,1.0748374679681003,2.521112563201555,4.262895689582547,5.009332554958611,3.438561162815054,5.023415910232865,6.762856181230856,7.765608532769469,5.139831916367217,7.310595111452477,9.697471412744811,14.661194482874528,10.235943728713675
2018-01-09 07:00:00,41.11777488808092,39.77215522021426,44.56767534338577,43.16829233730594,39.21273148148915,38.15166147480342,36.73202176263575,35.60973901275617,40.845047941774055,42.58475076526012,43.12854619246149,40.311364047987134,40.120148266927046,40.93022518724876,41.431445120187476,47.93848179962738,54.66206130877015,61.79003822473258,77.7426929763345
2018-01-09 08:00:00,160.24269099142657,162.00177013356551,145.08693614653262,130.82198476528598,130.7251753440575,128.52862086386534,150.30965800152055,154.45359967533847,168.1245552235809,178.59060465819633,174.822073793632,178.634881753966,194.71347306174832,199.19826396746555,196.0113972741991,191.89130306767981,227.5616542539757,231.21986227613294,221.1413718191307
2018-01-09 09:00:00,159.86694020859827,177.85792854203407,178.5565116214126,179.47670152514385,174.82352219822621,173.58373040445986,174.36188525942447,174.42154769797838,175.43786266862378,178.79274610823694,185.36034797772908,191.54707609074603,196.09375676328364,201.9870309257517,200.92265554353116,202.29520873949156,216.91189751216217,226.06885515969913,220.29484930429444
2018-01-09 10:00:00,218.92314530984743,222.17977909729456,222.011518755681,231.6489118188201,237.04436675290123,241.02217125720313,241.74222002728072,243.42206097234865,246.3636347122686,247.69116993824602,247.78435162343013,251.1375389906597,253.22293560501055,256.3255188157407,255.1294157883846,258.12142627660694,263.3958858211355,269.1303935413391,268.61615693564556
2018-01-09 11:00:00,233.19394356969917,247.9214420611098,251.268775731474,248.5325386912593,252.69762803093732,253.59609947382654,252.68049978093123,252.48010260069188,259.5319820455602,257.24741820101013,257.41682766753365,261.80746262694174,262.9959567762077,266.5108905549408,268.90015439524893,284.41227993887605,295.72918590985086,304.0563821052229,294.4407914630706
2018-01-09 12:00:00,275.58838024479087,287.85077768041197,303.65583513682907,312.91885285588324,324.8409312536944,319.3346877259619,321.962875696015,323.6447635841646,326.99777374168224,338.041016613371,340.85331262403383,354.0826957504896,350.3907340216164,352.2206527259103,349.94374318250897,361.44057154321325,373.25743771168385,378.1281014770898,368.3442816188615
2018-01-09 13:00:00,142.65081495136434,143.22664716066694,132.45342665167686,137.19627754497674,136.75447876751775,174.27346829778753,195.6845225344221,199.44043677397866,236.55618391677396,268.50257678697295,286.14804069640627,302.1387874650371,320.7036460425017,325.834419879884,315.3542392329204,312.602827359906,318.21439803697115,330.4862040467465,351.62522626529477
2018-01-09 14:00:00,203.69112355260626,217.90991379449193,214.8240618301636,213.55404985294413,224.17080895284727,226.02726350815962,227.64909795410233,230.06096684592563,237.77693309335467,240.37578430168313,239.8889088139094,242.88718590984314,247.99288741482277,250.4026536147003,251.2234394778406,252.65480083190812,254.198019068125,259.5396532747308,254.8945664034407
2018-01-09 15:00:00,120.67232754986462,128.6357881215707,141.23214080259993,155.431416895749,171.17245498452914,173.8686276902209,175.829865235936,175.89348268505913,185.32295942164606,192.7568572280734,200.32017473149958,208.41690339126947,208.53101401202906,212.4251995449823,221.8258587195998,234.39036567643626,249.00231445707936,252.52329448324406,286.1857248615836
2018-01-09 16:00:00,148.27548885103954,146.6671984426943,157.44101100377608,172.5882240038864,176.92694107041308,177.8386995860454,183.22139901646418,188.38539783820076,193.72287233344338,204.3358812028923,209.45294483520823,219.79567435748294,221.3634885538017,226.6999201541941,229.59281904775958,237.460933142074,237.27718543824227,276.5427806242129,283.9907147834563
2018-01-09 17:00:00,146.4114627536254,156.8030697729211,155.34649802492297,160.55299014571548,172.094964695469,172.55066247934062,179.53018422099478,181.61669316452097,194.28945520290245,191.03051842405085,195.08301200600363,197.03340697711053,193.43810665207127,195.6656745788656,202.7879367175235,205.6857013226338,210.85632552348974,214.486350404238,222.2858079766732
2018-01-09 18:00:00,88.80169304763089,94.67207211101558,106.22652913883151,116.2088382216977,122.7678631303315,125.91300466596388,127.91934422827671,129.5434162035374,134.35792855790643,138.9571585737144,140.7303051633176,147.5615888046439,145.7480137001496,149.62563140298863,153.05746608699073,161.512949794301,169.01857937590847,173.62754887632482,169.52062508923532
2018-01-09 19:00:00,71.27076704587924,78.99057237352012,82.6005790575097,84.30500253558344,87.22115881453472,85.04548792513276,90.08181708171759,89.94211777008269,94.24146399537189,95.25017769300784,97.13146312630295,99.58785221389746,101.08221408222667,102.69570576887726,104.63037132214866,104.07600314003857,107.53788111279583,102.90733415639225,106.87462768467162
2018-01-09 20:00:00,18.83358972100065,20.33417606263623,24.456572253990878,24.769830658242263,24.17458002874463,23.454505226846635,29.925611787904533,34.33552419902388,45.14334437212394,47.120335460304375,48.958931158619706,50.245830036441845,54.256137115973964,58.7450732737969,56.59835682253956,59.572026316813314,63.581330655555206,65.11238565155118,67.20845391814309
2018-01-09 21:00:00,5.339694436799498,5.147912506178329,4.083992044365587,3.502092692527235,7.472186220309766,9.93751597132821,11.665140090043153,13.259499169512264,16.748722297166694,17.90097647301371,18.573254365720963,20.825999881423417,22.503580456070647,21.7483139325246,24.059943109860455,23.475562581349397,28.916683559053876,31.321730656675363,35.33234563740754
2018-01-09 22:00:00,0.5399144805769218,1.3339807675711128,2.595435209573278,4.856420186166627,4.005610619148278,5.075112795958788,5.666809358427164,6.504913196173007,7.648330461477302,9.60368850675152,9.852657049737116,10.658803419600932,11.754028055891546,13.109814250752613,14.705113058231364,16.962460962442673,20.18012068480013,23.101327930186482,22.894972837748288
2018-01-09 23:00:00,0.0,0.0,0.0,2.0015557512797564,3.014708280793032,3.4232656552767917,4.165015029030586,5.050063339216588,5.932926514631867,6.289035994469757,7.132456730645897,7.873871543737185,7.836645947893258,8.280859591116036,8.428569490887899,9.077933973941004,10.246713261488964,11.334031950693475,11.163704621433176
2018-01-10 07:00:00,21.213864941205458,22.492665173563793,23.432398850240887,26.533055493053112,27.990717986871047,27.050849250145703,30.74492516014425,32.629202806486646,33.29817077975201,36.34337161342411,37.24482640681157,37.8220427230373,38.122702474290435,40.712578118457046,40.14162699112529,49.79034300872763,50.179358004831016,60.890208531401726,77.4608496794624
2018-01-10 08:00:00,124.19582330084064,127.58832323884994,118.54104736932447,107.796619712831,112.45088981934383,111.76393624482509,135.69455813841915,140.29680894480418,150.89171263499958,155.87790315233661,154.49611673014476,156.19499817648597,168.1793377316516,176.33547865961475,180.94533745613197,186.04690109721003,186.43903645930916,193.9815057027871,207.36684563111106
2018-01-10 09:00:00,126.47231949053591,145.96315760180616,150.7418228987152,149.75200155535703,162.22983387622716,168.99796371529496,174.43180180096223,177.2126294330219,177.22736263722487,183.2964070676899,186.01090140689954,195.35290359494672,193.90112368972484,197.52740154993518,200.51013362739306,210.94868817288574,226.0625856990443,245.01669590865112,271.72015975600516
2018-01-10 10:00:00,208.55838753802837,210.9872858347531,211.96860106401073,214.32482513487494,216.4578270878849,220.1407147440023,222.1276541257855,223.8247865879931,224.3399461571091,225.17828220502466,224.8965367444909,227.37803640230362,228.3832565521582,229.68863603264887,230.06050141189422,232.76673729424488,236.59353968129224,238.37752036464457,246.36102804990912
2018-01-10 11:00:00,253.39821468455884,257.800495746712,257.3166249509022,259.4696339673715,261.53371454683224,264.31819757852315,264.248009693196,266.2569274214765,266.980248268543,267.5690548956067,267.8712498492338,269.67923372122414,271.9008899530288,273.2271010198276,273.9624264531864,281.8446535178991,282.18732267181383,287.4723030795668,286.8045270037946
2018-01-10 12:00:00,262.3791452416966,289.94861726860876,298.46241638326455,308.7618109449883,318.9141508799843,321.9962738573503,328.0718400541299,328.7824737543704,330.79777144469944,337.4167452218659,339.58694714499694,351.9114782456593,347.90910565592054,349.8935158718683,357.13656299737005,372.3959349055289,379.06233907402077,382.14548939852506,381.0225799012559
2018-01-10 13:00:00,191.4838134025644,190.55747510371458,207.39654896689254,229.96568575053556,230.6953199318854,262.0994114562417,269.14024779285006,270.9958748151796,280.6643635317917,310.20834429673226,327.6095804623179,336.41657377348764,338.6628026445462,340.51891383007165,339.3513758740563,353.26040841124365,353.61938914414793,374.0920035201741,408.7540203602467
2018-01-10 14:00:00,199.66727976050254,220.10607760189765,219.79989323136715,225.44480180053586,238.09816575107402,240.07597886481537,247.88708654475647,251.99234382436177,260.2779661989087,265.44383408245034,267.01709044116086,267.26357377095087,275.0111683931828,275.79046607630204,274.6655287204429,279.2072375202158,279.3650548862091,292.2457270103128,296.97845209966687
2018-01-10 15:00:00,184.64899094684628,189.1636036443102,189.63931631254832,202.09999694525976,213.53581761583584,217.20247996459082,222.26278783032149,224.7357158684926,233.6525298327654,238.79419129309176,240.7995562647843,241.6847480777673,242.37056030812886,243.00253605976877,244.3549984298577,247.22376066928504,253.44574834501344,261.4257692096588,294.0572131829661
2018-01-10 16:00:00,215.00569818077798,218.38536193999022,223.02576769791534,228.22171651071028,232.2708922338564,234.93701335639184,240.8156684681743,243.51918650351215,245.25451857972655,249.45385737596632,251.65562883699204,257.34291949290633,257.47381786128426,259.9365869518263,262.07649706213715,269.19683722620306,270.57252585244464,290.9011835060339,306.7600982512181
2018-01-10 17:00:00,145.89823862114707,154.35032207332975,153.8364915122378,157.55887719093204,164.93446962740043,162.96504913545203,170.10052305827762,171.82214644965043,177.7926403048083,178.32967066050833,183.0085219887248,185.29036541362527,186.1083559046577,191.78199539987097,199.8428022890622,210.19440433105905,211.8964289064558,211.33499208740938,226.22960865203527
2018-01-10 18:00:00,18.80465739974477,21.766718588667715,35.468510553246006,48.23852885271435,59.820740522989766,64.30921722656478,69.77480772288467,74.81517035858359,82.55464415573299,87.28540526822943,92.53444940650311,98.43418865142559,93.86008151922275,96.68012892663367,103.00414355832415,113.35574796358607,118.25080869659975,128.0160541970132,133.27182461754992
2018-01-10 19:00:00,27.55965769468584,32.1648539504631,32.57018226603972,35.264204787796714,38.1429570323598,38.23187715853779,41.60312297459815,42.87715650454595,45.444185114415504,46.41100830312571,47.508888544712065,49.085066261329146,49.8275038282479,51.19583486326218,53.71136718021179,55.37388192031996,57.88004772922891,59.937402313851166,66.08917830966186
2018-01-10 20:00:00,0.0,0.0,0.0,0.0,0.0,0.0,6.496907760904449,13.421933491035027,19.79712675746378,23.638080707039535,24.684565591083,27.785686690586175,33.65239086361902,38.97477205605537,36.17982697899689,41.54806655183694,40.80070969494571,43.941236711743954,48.38342732792206
2018-01-10 21:00:00,6.3025133274372,6.9829409197838075,7.050131990523141,9.0722024832885,10.211165577285627,12.9179400142175,13.910560082813106,14.123398565868559,15.68781737400763,16.410978544974256,16.38648903961827,17.18774161887152,18.027362664202567,18.379406973273397,19.617685882119446,20.746521626943995,23.10577262471387,25.07732410136503,29.89435585153975
2018-01-10 22:00:00,1.9035613782033778,2.07971074018203,2.84391309228252,6.605581835767968,8.381354560764702,10.153793938762988,11.396056720043932,12.551069071342381,12.981725540827224,13.753279434901314,13.226103173054291,13.794665560255941,14.248909778832996,14.548451978304513,15.311862652930381,17.656306124850914,20.183662357135653,23.331596030916547,25.643716998136963
2018-01-10 23:00:00,0.0,0.0,0.0,0.9852307138397318,1.4734901510328338,1.9419582147288752,2.2584373317118644,2.63720300569803,2.997958279282066,2.949725640519201,3.489424245310244,3.757932536131376,3.87559251536884,4.2444480210377105,4.470083582069549,5.131880032621828,5.500328614355391,5.659141212574579,6.0398173068292955
2018-01-11 07:00:00,11.438602447483529,16.26465068121798,30.25476325716057,30.431825897243076,30.74476658875132,31.131892305788018,29.899414369165633,29.349473849719633,31.055778048714682,30.829094286908568,33.12914386302168,31.07836762709453,29.627794009010316,32.233649510220125,34.98521704654852,50.037939365984556,55.297002795681266,62.53361033142925,94.67925403624247
2018-01-11 08:00:00,78.29529884080733,85.47142641683962,89.29693962031058,96.17306670112413,101.50488122612089,103.78985592452165,113.29028671385154,117.48428113231262,120.96534737154016,126.9322590696013,129.19260476420249,130.9263220182323,138.21184454974258,143.37518455464289,146.0576243551721,154.24977513659675,160.24744492789085,167.54873728395884,168.6338891832782
2018-01-11 09:00:00,108.82394322898836,138.957483398136,141.61422035427066,147.57172535740392,146.20145173976442,149.61440548663205,157.49465594603845,161.30768072322252,164.03814457148184,162.83285948130936,169.21784959949042,174.18474960194558,181.07657604798348,184.85387279868715,184.27384529465152,183.83208170725658,196.28748880587744,203.69823800825964,206.61471066938168
2018-01-11 10:00:00,178.34959712179028,188.69359175614338,193.5267622311368,200.95945305332094,202.56930762652604,206.9529101398347,206.56816192238628,207.03604860675796,209.1589739039335,209.25017264520528,209.54269722215264,211.69415017300443,214.7911971057501,218.6377889855051,219.62335264959904,222.87935277405947,226.1845630498441,226.30457442802742,228.57562449038892
2018-01-11 11:00:00,207.06408522479907,219.48354582313,228.31354821352332,227.06424230818052,226.99172775724193,227.747720231563,228.60690256429672,228.78366340595497,230.03741111141508,229.2841823820064,229.60280404002972,230.0739959909938,235.91500280491607,237.76714541795724,238.98801298995963,253.5012950488765,261.05910244569156,266.31816763698066,270.53452583566445
2018-01-11 12:00:00,211.186397861527,231.20081450957508,253.04465962245217,265.75279759001586,278.4954323322122,278.4205524851104,276.2951460639828,277.78810400933145,282.35904777570636,290.3043191569868,294.0169929231337,305.079994668539,303.3632926102224,306.6586933013723,309.12044654804953,320.93278474529257,329.4147133556799,337.28905625774337,341.0253037229383
2018-01-11 13:00:00,70.52327501919237,82.71219261877394,91.97698380612871,107.03967939217614,110.30093454591062,146.3997812852051,156.7211307500176,160.9473182216701,183.63397727788544,207.46178655269057,224.6293008919322,229.59593887963058,237.99710498513122,240.3304061373527,232.92293586306653,241.29821108719867,255.9902504121912,269.3985265663264,303.001764685199
2018-01-11 14:00:00,170.96444410228145,188.5681319376255,188.3831729231253,193.11556456772502,201.26698219470973,203.89129195513735,205.64218251112362,208.07534774521292,212.63096659108965,214.40874272872543,215.52271188702414,218.3873941383847,226.5323920092209,229.98227296768425,231.2825909409619,232.90419333086055,232.07138705923853,234.233367682662,229.07065353058894
2018-01-11 15:00:00,93.85120645549537,112.52541379929453,127.73288809952282,149.88688704803212,159.2252718337277,161.7956277757616,165.35351442415947,164.54008047954787,170.25267120911457,173.28703620014434,178.23158979655517,179.2455137091283,183.5030208947454,188.7881015250572,190.86584491093785,197.1609438238857,202.71734733377255,201.90462770864283,236.2280560297666
2018-01-11 16:00:00,128.27756374053695,131.74223271231278,143.96097997126446,154.30876704719066,158.68020978402149,161.44475921884117,162.3257384522267,163.50860736362537,167.55291273887568,170.1512847685822,173.0913466168593,176.86409444158087,178.82027959625032,181.90941887233873,185.85198266338682,190.92417170596173,188.6855181308848,211.16137125508797,222.9474339658337
2018-01-11 17:00:00,86.29296069755782,105.1870129505638,110.15267875993655,116.12210823927373,131.74808524000116,134.69613963692922,142.78227966606698,144.85950442885405,158.10102888323055,153.86869273296884,158.94129045535558,158.332066490624,157.81173537297116,162.02997295417552,170.27482057354717,177.56689514134126,188.21197378154713,188.09622088276456,211.3241242118138
2018-01-11 18:00:00,3.247159174486768,10.151334143918774,26.706604732577162,34.541931896405146,36.76307116893925,42.54876251137648,43.466926349561206,46.14235867608083,53.79242125978776,59.86566977292911,62.04023491991984,66.76742828597446,68.18158196144493,72.98881315152144,77.00731773005657,83.42400449500688,86.97240146367795,90.48184978106063,84.5757117804706
2018-01-11 19:00:00,0.0,9.828727942757695,10.531789411176376,13.749561847867,17.600728983334562,19.354819572057735,25.524121554132165,26.52908773741631,30.940635661207395,30.920440286694202,31.63821240680526,33.036089758185454,36.62756678203458,39.00014029839329,40.79950219936169,41.25396483520318,44.75131630714639,42.73176237042056,49.085302249176834
2018-01-11 20:00:00,0.0,1.8310352292578216,6.7547095471103304,9.599963425046482,12.126657356839551,13.952591806298436,18.398100668920947,21.859630338968646,26.687613787936254,26.71907605721839,26.770963044565992,28.38387384197189,32.839782479105935,37.76478201946596,37.70827435587119,41.1343217178603,38.76784966743017,39.95898545532296,43.86054067106805
2018-01-11 21:00:00,0.0,0.0,0.0,0.0,0.0,0.8608174655417553,1.184955844416466,1.5828937160712826,2.874676035877556,2.668851714710735,4.078232854560403,4.298627129189995,4.6798974338559685,4.998137647239611,6.319959084726297,7.9032455701745645,11.374325139582409,11.928157394810611,17.105524293409502
2018-01-11 22:00:00,0.0,0.0,0.0,0.0,0.0,0.0,0.0,0.0,0.0,0.1602777448063364,0.08043356630964205,0.6461238197309083,1.357460134377373,1.888851657785322,2.827918583127542,4.228237782582643,5.759462630329302,7.470963165416608,7.525863966825545
2018-01-11 23:00:00,0.0,0.0,0.0,0.0,0.0,0.0,0.0,0.0,0.19210809637984827,0.0,0.9730121044537601,1.2739946212469837,2.950652829904432,3.7334526958137806,3.102858399080258,2.9933175031475496,4.173888092594061,4.359835667291053,8.507094360918044
2018-01-12 07:00:00,14.416392356295411,11.993341202685016,17.454275905474766,19.338216792289597,22.479763603005935,24.69359909268905,25.507666941771333,26.41462263453525,27.548724105038133,29.42201855610326,29.890083183315358,30.046285574280375,30.090669748185462,31.81593647427467,33.78399084501014,43.393435201255194,46.59357358520969,56.21202868704974,82.29438208398473
2018-01-12 08:00:00,63.024745451539225,64.82898192717914,68.41001203421469,72.0713698719381,74.05589799162674,77.06754661418792,83.97273825043504,86.03600656900572,87.99137217930337,92.23275707919447,92.70188947470717,96.38371220793209,103.14592307614608,110.25565960063246,115.97461113817577,125.28632583665056,128.8070264442769,134.78605674280644,134.92282074596523
2018-01-12 09:00:00,90.06216586147411,105.76846522818033,109.92576607218757,121.5423501273441,127.84282433270761,131.7391266745685,138.45132863670784,141.55261019002276,138.84078760404992,141.48755920256653,146.87657096333822,156.17144607292323,164.565237641651,168.4729719686452,171.87022092860028,176.7765629052253,186.49597302863435,198.30247154394488,204.1397621646639
2018-01-12 10:00:00,169.23408299906635,173.7008913495473,177.32751802814042,184.51148145374412,187.6977795086937,194.0489177283785,194.08183121728914,194.37523846301488,196.19043895998036,196.30503087688732,195.95478578412778,198.63975811763717,201.01195274801768,203.88222613628955,206.66026000866879,208.13017292465955,209.9924233209412,212.8319424117771,221.25266708095614
2018-01-12 11:00:00,226.56388103941356,228.44032801367308,241.56923094056702,246.5813132482565,251.43362114158404,258.74062892181365,256.0947876192588,257.807068854698,256.0827301793358,259.0983312608088,257.029570747596,260.0670701861082,264.57926261035914,265.2429692009837,268.21417569092154,286.36198489930894,288.7255296123092,303.4692955121444,314.472927048245
2018-01-12 12:00:00,271.65037658584856,279.99143204495044,291.56450422793426,299.27169323652896,305.38185358380304,311.3524167533168,311.9150238905005,310.64506608998624,311.20934312293656,316.15551660463973,315.18646842037185,324.56234061420474,325.4579023942488,327.1916193752568,332.54972629604504,342.46352020892584,345.6474613594879,346.71261850696607,351.72109644526023
2018-01-12 13:00:00,236.2828529952916,237.09428154354833,242.41597606191038,250.6373324027703,255.05755173112018,271.44281947261084,274.4238665816058,274.95531024825215,281.44079034345964,291.95749350966156,297.2371836994686,300.2064778088548,301.9400719213883,301.84301515853394,301.8710857522501,305.1047724917542,307.2976387842749,312.30503006156084,328.12394691381235
2018-01-12 14:00:00,221.76614924457365,239.12302828594795,239.944707375859,248.0380944701651,262.1376568436168,269.39229277716646,272.91512758676356,276.36204493210516,279.9957660237951,282.13701907200544,285.0374408242127,288.4831883121898,297.39346076977967,298.83009551667874,304.55498801370896,308.36157755890287,305.5225705584938,311.85646477632815,315.8871273696349
2018-01-12 15:00:00,192.67542348587205,197.31225869176095,206.16123345266504,220.08979052878777,226.30670623907895,229.41470174492594,232.0920125946793,232.69731013084404,235.51530924706591,240.9894406254353,243.7928022629735,245.21861032085428,249.0782310258868,251.94887007430557,257.0363624753731,261.0380486706728,261.2311791872811,264.3431646280217,290.6959198973384
2018-01-12 16:00:00,193.73093957278806,192.95492759552744,205.87312135620783,211.67260497212635,214.85203211076305,218.560945092576,221.67464577839775,222.32940139528978,225.3325449740293,229.3355277783976,231.7199111567436,234.93086527367535,234.29425574454515,234.96507333489177,241.76350191048266,245.67408683801133,244.35729130863837,264.04088506760945,283.1912189193603
2018-01-12 17:00:00,137.67755190910384,142.50672351256435,144.57524292717238,148.38307825480683,155.43158646267727,156.57321061794266,162.32192209460823,164.13090749724873,168.30145359757933,166.82762664846555,169.54784341688955,169.7546704797665,170.6217638809242,173.44257944524568,180.70166726420914,187.56775239611957,196.4401724465572,199.2560406389604,220.73254395155425
2018-01-12 18:00:00,65.09654708132946,62.37744991494307,77.13891410162674,86.0018196761101,93.31438250760789,93.41627806684215,94.89431793937527,97.8612260147975,101.86223628567191,105.87336943163669,110.86989596453513,115.7451857945116,116.20408267717946,118.98939286936644,127.70578035574881,130.50037734844275,133.51007892279915,133.1641767124635,133.44505935915132
2018-01-12 19:00:00,72.51212603773688,75.53000039024404,76.76610225352003,79.2732132910487,80.40720526952721,81.04120046342848,82.99697165489704,83.28639467135395,84.44909649318082,85.11164717297282,86.01297314160634,86.42552864567584,87.55647944938809,88.62308163544998,90.4778100801958,90.62833286720064,92.08986448612029,92.23235565972068,97.84665312661004
2018-01-12 20:00:00,38.25150023905749,36.733940190305134,42.5532726804396,43.21943558229995,40.302992689829885,38.906939593173604,42.0782479613145,44.69623211891316,48.901959424038296,48.65688120081306,49.278441081095096,50.36008633371688,54.92095849524872,58.966631577801834,59.85023785014533,61.95316346890565,64.47597154827778,62.77659766523744,63.28946947032967
2018-01-12 21:00:00,26.67912932963819,22.161110452395594,25.2722617899566,30.085170785464467,34.94632493123618,37.86201882950877,37.67680076505069,37.123659711153664,38.81780889881524,40.88594972047685,42.548090426165295,43.56094315244479,46.84777143146432,46.65667546897421,52.116125275556655,52.023100015938596,60.32329423394391,62.87024705506311,73.91937658192069
2018-01-12 22:00:00,26.838848150439034,25.19349391457753,26.00311982334582,29.285387163334853,28.881698785466046,30.625149545154173,31.226972469172622,32.349741839478405,33.07437026532883,34.0957012329889,33.81992207501627,33.623847892880775,35.503674860933415,36.22013613978214,37.16044809703169,37.21401489531896,39.83687512635797,43.539398753931536,46.40168037816687
2018-01-12 23:00:00,11.709642608939106,10.900847804504942,15.535873764711624,24.71874428538853,29.49286115513345,35.493638319584726,33.96892285608496,35.43089046033859,35.55978732150356,36.60765775457539,36.58081338787757,38.86555031433462,39.88337608659697,41.49521946757782,43.17051538939237,44.16182392666053,42.76869325934511,46.72386865964929,49.62268620990935
2018-01-13 07:00:00,0.0,1.4800434214903844,3.71691315563924,5.742239287428841,5.5363898724433005,4.76871915011913,5.536094983063485,5.557233409878977,6.00941289301417,6.883020743651656,7.5096871880211005,7.184674504884287,7.5903242005274745,8.255388606588596,9.26762984987393,12.242910021756687,12.976549931103518,15.125820847969427,20.760948089418992
2018-01-13 08:00:00,0.0,0.0,0.0,0.0,0.0,0.0,6.166692252047998,8.099595692205,11.828471396417385,15.344899082459001,15.853737158680406,17.431710501801078,26.337589516665712,27.608515975728746,30.46913913833005,28.82451272623995,30.39795315191258,32.78992282233875,40.687382934519505
2018-01-13 09:00:00,0.0,1.4877754066435496,3.3519420481527478,4.049696865781043,2.3539265902568314,3.869601238888873,4.637606515643624,4.01901055318406,3.526968291373092,5.564141811672372,4.957263548935062,5.613964858237409,10.193872909629764,11.106326607851086,12.955303617706802,14.516470954516496,19.381420663002995,29.01854323709824,40.01440171771055
2018-01-13 10:00:00,9.295494739662649,8.77601052792189,9.344025193910117,11.033944678214144,11.914738840182324,13.350330993832149,12.742866449167186,13.06422103765626,13.404207790419767,13.326882175329724,13.246588148518487,13.260465904509362,13.975982568760188,13.836793596465894,14.584530862853942,14.805783867714771,16.374604858975786,17.998324947310014,20.580406561378787
2018-01-13 11:00:00,9.129658166568952,10.816779241465614,11.405117770483987,12.856370230259177,12.920734117817275,13.735468819906968,13.128954871296516,13.251230453343323,13.265373746200723,13.430394760859503,13.521001742361722,13.800199090622877,14.161495417000268,14.528656647188383,15.082280763646292,17.692666789871453,19.124497671085404,21.433292720475052,20.589688332015704
2018-01-13 12:00:00,18.95530409889852,20.83971182899526,22.495357979051743,26.5261209434877,27.404963010572942,27.30387114057298,28.243671849075362,28.566771987089613,27.987184904569496,29.38912609962422,29.336797009745748,30.90852255518341,31.539517024816696,31.42541897792131,31.538564405458313,32.528644172813706,32.50992712817295,34.49263800627643,33.18735455987003
2018-01-13 13:00:00,0.0,0.0,0.0,22.53718169528079,23.524093772555325,44.83595156234296,48.83755258498984,45.19474718280671,54.609002216930044,60.51806386084531,67.52521288990334,68.71535423700914,75.86152618101315,79.00888677221637,77.0386415640114,81.13150706027757,78.48515718237516,89.14569175083977,107.02407608574413
2018-01-13 14:00:00,2.225684536444632,15.87998821564117,21.482467309849607,27.0217303704492,41.39495887178675,41.05129387755725,41.926458239908875,41.568197281032624,45.54245498508382,48.09444604840158,46.781107128453975,47.34810455150585,51.33686157476922,50.29822364949961,52.38102958013762,55.48381844412904,55.688583174344615,61.49614362278544,64.23722631936347
2018-01-13 15:00:00,0.0,0.0,0.0,0.0,0.0,4.237606713979993,12.57730767396729,14.654624480387376,23.25313581632723,37.4042180062217,42.98165716500109,47.39109431694898,56.0407865055635,52.35314266750716,57.145260755688355,61.83867389455793,65.3493185622802,84.1624569506875,165.89267361381712
2018-01-13 16:00:00,10.930904272238164,11.781015895858644,12.663969877271391,14.130327486791442,13.844054619585243,15.228305546053676,16.101770633846154,16.908381582308813,18.248881632655817,19.51857172489567,19.034471199574693,19.893133610739213,21.352201862100856,21.989243297511244,22.368211392730085,23.690023212947644,22.859997326446923,28.717124887409298,30.67163646766397
2018-01-13 17:00:00,0.0,0.0,0.0,0.0,7.363368869283406,13.413748742937724,20.395049189536493,20.45175698214814,29.389953212042883,25.067614389878013,27.442912010538045,29.78721662644844,30.308850221249266,29.303885417474643,47.88345382633348,58.289274867145494,61.7507758414095,64.20086977090173,77.66330695339113
2018-01-13 18:00:00,0.0,0.0,0.0,0.0,0.0,0.0,0.0,0.0,0.0,0.0,1.9201445822183114,11.023052657678846,11.272791052561885,18.857020583627385,33.38766560981573,59.00673447280161,66.979096649295,98.71698171778725,113.09635720867449
2018-01-13 19:00:00,0.0,0.0,0.0,0.25502009181041974,1.5481554559006705,0.7417093056962178,1.8183868723621899,2.2149181836258087,3.153675852227808,3.4101735867319034,4.415825879825411,4.639385722656754,4.724123294740496,4.799166456216946,6.067867149535601,6.412787896048185,5.812899628234967,6.890215668714367,7.896370373236081
2018-01-13 20:00:00,0.0,0.0,0.0040937349830461045,1.4405196626609604,1.6573233249595938,1.9993983576518972,3.4460516444440863,3.9668634521724027,4.969405504504068,5.176547452775584,5.021845610198087,5.075063374393703,5.737989606304559,6.02156093482793,5.9333422221215475,6.494565958102673,6.961554685453959,8.19886376298115,10.194603974695216
2018-01-13 21:00:00,0.0,0.0,0.0,0.0,0.0,0.0,0.0,0.0,0.0,0.0,0.0,0.0,0.0,0.0,0.0,0.0,0.6369321552560345,0.9364853858933309,4.65492644545993
2018-01-13 22:00:00,6.5102940085828775,6.5684108673541814,7.5894695261151135,9.558801240980122,10.031432300143178,10.705612856315911,10.695811633962911,10.667463630364105,10.41807072975148,10.97124280524368,10.920598572390478,10.98179675468759,11.494785422596957,11.535027887360211,12.07519698650245,12.98666898238987,12.937349472014557,13.803983151784815,15.672154257820637
2018-01-13 23:00:00,0.0,0.0,0.36032100666473355,2.7631489755751986,3.2737747014597183,4.722346106804649,5.129592027662184,5.681193150408277,6.219930426154405,6.150200466432805,6.36138371750767,6.496032550336829,7.247183666847866,7.246239530192232,7.80097753751735,8.17351834359354,8.370093567984933,9.512930403747434,11.947966975792259
2018-01-14 07:00:00,0.0,0.0,0.0,0.0,0.0,0.007394591316879584,0.0,0.0,0.0,0.0,3.318916661657073,5.004720999333437,6.235269151784887,9.878480689255944,13.11332485091737,26.56652000484772,27.32080363948486,33.10626919052807,71.99244972881323
2018-01-14 08:00:00,0.0,0.0,0.0,0.0,0.0,0.0,0.0,0.0,0.0,0.0,0.0,0.0,0.0,0.4401651934003237,3.2679069338014557,5.586204554239087,4.594186620868406,11.426852138785211,22.06734965224723
2018-01-14 09:00:00,0.0,0.0,0.0,0.0,0.0,1.8076447767799078,2.493814081910557,3.167636309289623,3.406337377860078,3.504403071585193,3.8417270068649443,4.583677374233803,5.128271867942638,4.859281538035386,5.178000499306364,5.368074910309657,7.894143442288323,11.833906241785776,16.71314031036117
2018-01-14 10:00:00,0.52881080145819,3.0906718994050224,3.6510886103887277,4.478146802508922,4.290532178118624,4.822593482354907,4.705627178786466,4.59329787580823,4.566853169101331,4.45353512988254,4.138191011779257,4.362958047810407,4.379649560991873,4.869683445485604,5.058105530386439,5.923551341446869,7.694497227697618,8.109798763382969,9.684481672704713
2018-01-14 11:00:00,0.0,0.30339381444211355,8.110426589927435,18.004025400991928,22.326986012960962,23.401467601950948,25.404838068526253,28.204112993297066,25.502349270911857,26.982560779551086,30.31891815321917,31.20833629495243,34.24475995169409,32.843918614635456,32.8925549044333,45.32605420219585,49.97880175880581,60.36149730955039,75.8190949717033
2018-01-14 12:00:00,0.0,0.0,0.0,0.0,1.4980735282471525,2.2090034536243186,4.832233048328055,5.070185426452437,6.26248010007979,6.876659920313227,7.825967539555309,11.23010344703657,10.378856701344546,12.39093879306119,12.967772598437701,16.62961868979702,19.78294272030385,21.431275554444642,29.548539938606783
2018-01-14 13:00:00,0.0,0.0,0.8400481112057818,4.916754878473398,9.707818105019982,16.555718845973608,19.035869517772625,18.9326688967088,21.08664303814465,29.640708363261336,32.7955316706599,35.38410259408337,35.32523951038313,33.50057110675881,33.84764610654541,34.24509770100321,32.94988913792107,35.37112557348744,57.03847248403795
2018-01-14 14:00:00,14.52909710922895,17.621258670774992,18.2906006049706,19.0184846496467,19.692511297094022,20.58517418885412,21.081199191484927,21.234558894530622,21.490113729925056,21.734865575540987,21.998151376259337,22.07213490380749,22.950159533999475,23.141013729805103,23.281002716246984,23.55418629286563,23.77980722887599,24.298818431618578,27.8659890486213
2018-01-14 15:00:00,15.661948920523399,17.95649225929112,20.84766874547944,24.76770542806019,27.487758552540978,28.634239665161363,28.43717218672491,28.774363701179084,29.03671830735018,30.64370954511471,30.574524225452556,31.03741200569481,30.858205742941028,30.471948049842883,30.862806840254947,30.84043990307387,29.891542084713883,31.325881965598125,40.203682192211815
2018-01-14 16:00:00,0.8337171646495705,15.53543290242106,24.50166232859651,34.007448553868116,32.234085883701525,40.4442575479464,43.26077585539189,42.51978791616024,43.137268362770165,43.365583519073425,46.132341621672936,47.27714506150432,46.59298934717239,46.55197806711853,50.510205708552576,55.626546167356636,57.292587388164314,72.10532592225388,98.65248486864839
2018-01-14 17:00:00,0.0,1.686563354005031,8.702598951097784,19.594090707996948,26.636396606739275,26.277409239393098,28.828454935617835,29.99805442488688,32.30284728583731,33.26538831393452,36.75983486365664,37.883408523805585,36.41550015929644,38.02285461154126,42.69901475781779,47.749002254404246,48.9984075562014,48.279601392135255,60.663793479294824
2018-01-14 18:00:00,0.0,2.961350849628502,7.481942663427996,9.994596209693167,9.904859892563273,10.552871914130037,12.10675161942169,11.920134655066466,12.942687678158887,13.83456199806531,15.36874463702897,15.220897792342896,14.175559940634258,13.718601999115865,14.736639719733539,15.617618074012732,16.393811889457396,16.97562766186153,21.18060745698736
2018-01-14 19:00:00,7.07100446806117,9.058394881468418,9.51087488511692,10.58733658297843,11.117469128638819,11.26768380959674,12.231673079334811,12.65817249860291,13.211481880636525,13.728518321294539,13.84988954289416,13.917128593989007,14.35686386533134,14.494975222216395,14.556487293121258,14.463530461561295,14.772412025237486,15.846182871693419,19.079689176724923
2018-01-14 20:00:00,6.384499422847305,7.953398872992851,9.377421121056734,8.925004838589514,8.972332519563736,8.645139031303948,9.849038242377699,10.204960753334579,11.048595155005483,10.912909579772789,11.025060257388223,11.096214951339988,11.149722903857793,11.402026821031248,11.280695306771754,11.801000924346646,12.1121346526922,11.559046356484092,14.429352075683937
2018-01-14 21:00:00,0.9038487444179495,1.8940033015728126,2.483430460573943,3.232360541947238,3.5023850218189447,3.762788595403369,3.9893817586487175,4.121566051277427,4.147913410030188,4.521755774854205,4.78161085623912,4.917627117816276,5.123623391602786,5.214883068057271,5.395140138998432,5.891025364595253,6.848497723930876,7.296753866541962,9.79267830850163
2018-01-14 22:00:00,0.0,0.0,0.0,0.8644498952233404,1.4968931809397175,1.595704448388493,2.214551002590977,2.702992576927411,2.8512605975368173,2.8438754106829576,3.133989673066984,3.3873139571729114,3.489869251896505,3.4387119825822934,3.655471483745522,3.8217104895452927,4.316692172185375,4.702118608241928,6.195252370139604
2018-01-14 23:00:00,0.0,0.0,0.37964354811099366,2.0841525867142043,2.2046658408347746,2.5226666006115517,2.6260705906826214,2.8682092333684777,2.8415071121949427,3.0713193347111734,3.4884558673838084,3.639584643151953,3.8906704665940994,4.258505839786759,4.524047041306175,5.068340434228975,5.0203185816342755,5.712867688991527,7.865188238100389
